t_sec,parent_mb,workers_n,workers_max_mb,workers_sum_mb,total_mb,system_used_pct,rows,useful
0.0,114.3,0,0,0,114.3,3.5,,
2.1,225.1,2,227.4,377.9,603.0,5.5,0,0
4.1,202.2,3,233.8,698.7,900.9,6.6,0,0
6.1,205.2,3,238.1,712.7,917.9,6.7,708,12036
8.1,209.5,3,238.3,707.3,916.8,6.7,1770,30090
10.1,213.7,3,237.6,706.1,919.8,6.8,2832,48144
12.1,217.9,3,235.0,702.7,920.6,6.8,3894,66198
14.1,222.1,3,237.7,708.0,930.1,6.8,4956,84252
16.1,226.1,3,236.2,704.2,930.3,6.8,6018,102306
18.1,230.3,3,236.4,704.5,934.8,6.8,7080,120360
20.1,234.6,3,237.1,705.2,939.8,6.9,8142,138414
22.1,238.5,3,237.7,705.9,944.4,6.9,9204,156468
24.1,242.7,3,236.7,705.5,948.2,6.9,10266,174522
26.1,246.9,3,236.8,706.0,952.9,6.9,11328,192576
28.1,250.9,3,237.3,707.2,958.1,6.9,12390,210630
30.1,255.2,3,236.1,704.4,959.6,6.9,13452,228684
32.1,258.1,3,234.4,703.0,961.1,6.9,14160,240720
34.1,258.1,3,238.0,709.0,967.1,6.9,14338,243746
36.1,258.1,3,238.0,708.7,966.8,7.0,15119,257023
38.1,258.1,3,235.0,703.2,961.3,7.0,15905,270385
40.1,258.1,3,238.0,706.2,964.3,6.9,16647,282999
42.1,258.1,3,237.7,707.9,966.0,6.9,17418,296106
44.1,258.1,3,237.7,709.1,967.2,6.9,18426,313242
46.1,258.1,3,237.7,706.4,964.5,6.9,19123,325091
48.1,258.1,3,238.0,713.4,971.5,6.9,19842,337314
50.1,258.2,3,237.7,706.2,964.4,6.9,20591,350047
52.1,258.2,3,236.2,705.4,963.6,6.9,21534,366078
54.1,258.2,3,238.0,713.5,971.7,6.9,22155,376635
56.1,258.2,3,236.4,704.9,963.1,6.9,22757,386869
58.1,258.2,3,237.7,709.9,968.1,6.9,23322,396474
60.1,258.2,3,238.0,706.0,964.2,6.9,23755,403835
62.1,258.2,3,236.0,704.4,962.6,6.9,24697,419849
64.1,258.2,3,237.4,705.7,963.9,6.9,25678,436526
66.1,258.2,3,238.0,713.7,971.9,6.9,26681,453577
68.1,258.2,3,238.0,706.3,964.5,6.9,27652,470084
70.2,260.5,3,237.7,707.0,967.5,6.9,28201,479417
72.2,260.5,3,238.0,706.1,966.6,6.9,29210,496570
74.2,260.5,3,236.9,705.0,965.5,6.9,30227,513859
76.2,260.5,3,238.0,709.9,970.4,6.8,31212,530604
78.2,260.5,3,234.3,702.5,963.0,6.8,32023,544391
80.3,261.4,3,237.7,706.0,967.4,6.8,32871,558807
82.3,282.3,2,218.3,335.0,617.3,5.7,33027,561459
84.3,259.4,3,264.0,748.3,1007.7,7.5,33027,561459
86.3,259.4,3,277.0,825.9,1085.3,7.9,33155,563635
88.3,259.4,3,284.0,839.1,1098.5,8.0,33411,567987
90.3,259.5,3,285.6,835.6,1095.1,8.0,33667,572339
92.3,260.3,3,279.8,832.7,1093.0,8.0,33923,576691
94.3,261.4,3,279.3,831.6,1093.0,8.2,34307,583219
96.3,261.9,3,279.6,834.1,1096.0,9.1,34435,585395
98.3,262.9,3,279.8,830.0,1092.9,9.2,34691,589747
100.3,264.0,3,283.0,839.7,1103.7,8.8,34947,594099
102.3,265.1,3,282.1,832.9,1098.0,9.5,35203,598451
104.3,265.6,3,280.2,839.4,1105.0,8.0,35331,600627
106.3,267.3,3,281.3,835.9,1103.2,8.0,35715,607155
108.4,269.0,3,274.8,824.1,1093.1,7.9,36099,613683
110.4,275.6,2,201.1,232.3,507.9,5.4,36099,613683
112.4,276.7,3,222.6,659.4,936.1,7.0,36453,619701
114.4,283.4,3,222.9,668.0,951.4,7.1,38223,649791
116.4,291.6,3,223.1,668.6,960.2,7.1,40347,685899
118.4,299.6,3,223.2,669.2,968.8,7.1,42471,722007
120.4,309.0,3,223.2,669.4,978.4,7.1,44949,764133
122.4,317.2,3,223.3,669.6,986.8,7.2,47073,800241
124.4,326.6,3,223.3,669.7,996.3,7.2,49551,842367
126.4,329.4,3,223.3,669.7,999.1,7.2,50259,854403
128.5,329.4,3,223.3,669.7,999.1,7.2,51808,880736
130.5,329.4,3,223.3,669.7,999.1,7.2,53584,910928
132.5,329.4,3,223.3,669.7,999.1,7.2,55608,945336
134.6,329.4,3,223.3,669.7,999.1,7.2,57492,977364
136.6,329.4,3,223.3,669.7,999.1,7.2,59355,1009035
138.6,329.4,3,223.3,669.7,999.1,7.2,60120,1022040
140.6,329.4,3,223.3,669.7,999.1,7.5,61973,1053541
142.6,329.4,3,223.3,669.7,999.1,7.4,63517,1079789
144.7,329.4,3,223.4,669.9,999.3,7.3,65183,1108111
146.7,329.4,3,223.4,669.9,999.3,7.2,66395,1128715
148.8,329.4,3,222.3,427.9,757.3,6.3,66395,1128715
150.8,329.4,3,234.3,693.8,1023.2,7.3,66779,1135243
152.8,329.4,3,233.6,700.4,1029.8,7.4,68187,1159179
154.8,329.4,0,0,0,329.4,5.3,69467,1180939
156.8,299.4,0,0,0,299.4,5.0,69467,1180939
158.8,299.4,0,0,0,299.4,5.0,69467,1180939
